_id,first_name,last_name,email,password,gender,age,ethnicity,householdIncome,politicalParty,timeOnline,survey
user1,Angela,Tan,user1@gmail.com,user1234,2,3,1,3,2,1,"survey1, survey201, survey401, survey601, survey801, survey1001, survey1201, survey1401, survey1601, survey1801, survey2001, survey2201, survey2401, survey2601, survey2801, survey3001, survey3201, survey3401"
user2,Richard,Ang,user2@gmail.com,user1234,1,1,1,1,2,1,"survey2, survey202, survey402, survey602, survey802, survey1002, survey1202, survey1402, survey1602, survey1802, survey2002, survey2202, survey2402, survey2602, survey2802, survey3002, survey3202, survey3402"
user3,Barbara,Chen,user3@gmail.com,user1234,2,2,1,4,1,2,"survey3, survey203, survey403, survey603, survey803, survey1003, survey1203, survey1403, survey1603, survey1803, survey2003, survey2203, survey2403, survey2603, survey2803, survey3003, survey3203, survey3403"
user4,David,Lee,user4@gmail.com,user1234,1,3,1,3,1,1,"survey4, survey204, survey404, survey604, survey804, survey1004, survey1204, survey1404, survey1604, survey1804, survey2004, survey2204, survey2404, survey2604, survey2804, survey3004, survey3204, survey3404"
user5,Jeremy,Kwek,user5@gmail.com,user1234,2,1,2,2,2,1,"survey5, survey205, survey405, survey605, survey805, survey1005, survey1205, survey1405, survey1605, survey1805, survey2005, survey2205, survey2405, survey2605, survey2805, survey3005, survey3205, survey3405"
user6,Kevin,Ang,user6@gmail.com,user1234,2,1,1,1,1,1,"survey6, survey206, survey406, survey606, survey806, survey1006, survey1206, survey1406, survey1606, survey1806, survey2006, survey2206, survey2406, survey2606, survey2806, survey3006, survey3206, survey3406"
user7,John,Tan,user7@gmail.com,user1234,2,2,1,2,1,3,"survey7, survey207, survey407, survey607, survey807, survey1007, survey1207, survey1407, survey1607, survey1807, survey2007, survey2207, survey2407, survey2607, survey2807, survey3007, survey3207, survey3407"
user8,Debra,Lee,user8@gmail.com,user1234,1,2,2,1,1,3,"survey8, survey208, survey408, survey608, survey808, survey1008, survey1208, survey1408, survey1608, survey1808, survey2008, survey2208, survey2408, survey2608, survey2808, survey3008, survey3208, survey3408"
user9,Craig,Lee,user9@gmail.com,user1234,2,2,1,3,2,1,"survey9, survey209, survey409, survey609, survey809, survey1009, survey1209, survey1409, survey1609, survey1809, survey2009, survey2209, survey2409, survey2609, survey2809, survey3009, survey3209, survey3409"
user10,Kathy,Li,user10@gmail.com,user1234,1,2,1,2,1,2,"survey10, survey210, survey410, survey610, survey810, survey1010, survey1210, survey1410, survey1610, survey1810, survey2010, survey2210, survey2410, survey2610, survey2810, survey3010, survey3210, survey3410"
user11,Carl,Chong,user11@gmail.com,user1234,2,2,1,3,1,1,"survey11, survey211, survey411, survey611, survey811, survey1011, survey1211, survey1411, survey1611, survey1811, survey2011, survey2211, survey2411, survey2611, survey2811, survey3011, survey3211, survey3411"
user12,Samuel,Pang,user12@gmail.com,user1234,1,3,2,1,1,2,"survey12, survey212, survey412, survey612, survey812, survey1012, survey1212, survey1412, survey1612, survey1812, survey2012, survey2212, survey2412, survey2612, survey2812, survey3012, survey3212, survey3412"
user13,Keith,Fong,user13@gmail.com,user1234,1,1,1,1,1,2,"survey13, survey213, survey413, survey613, survey813, survey1013, survey1213, survey1413, survey1613, survey1813, survey2013, survey2213, survey2413, survey2613, survey2813, survey3013, survey3213, survey3413"
user14,Raymond,Lin,user14@gmail.com,user1234,1,3,4,2,1,3,"survey14, survey214, survey414, survey614, survey814, survey1014, survey1214, survey1414, survey1614, survey1814, survey2014, survey2214, survey2414, survey2614, survey2814, survey3014, survey3214, survey3414"
user15,Douglas,Ling,user15@gmail.com,user1234,2,1,1,4,1,2,"survey15, survey215, survey415, survey615, survey815, survey1015, survey1215, survey1415, survey1615, survey1815, survey2015, survey2215, survey2415, survey2615, survey2815, survey3015, survey3215, survey3415"
user16,Joyce,Taylor,user16@gmail.com,user1234,2,1,4,2,1,1,"survey16, survey216, survey416, survey616, survey816, survey1016, survey1216, survey1416, survey1616, survey1816, survey2016, survey2216, survey2416, survey2616, survey2816, survey3016, survey3216, survey3416"
user17,Mildred,Ang,user17@gmail.com,user1234,1,2,1,2,1,2,"survey17, survey217, survey417, survey617, survey817, survey1017, survey1217, survey1417, survey1617, survey1817, survey2017, survey2217, survey2417, survey2617, survey2817, survey3017, survey3217, survey3417"
user18,Jennifer,Wan,user18@gmail.com,user1234,2,2,2,1,1,3,"survey18, survey218, survey418, survey618, survey818, survey1018, survey1218, survey1418, survey1618, survey1818, survey2018, survey2218, survey2418, survey2618, survey2818, survey3018, survey3218, survey3418"
user19,Howard,Situ,user19@gmail.com,user1234,2,1,1,1,1,1,"survey19, survey219, survey419, survey619, survey819, survey1019, survey1219, survey1419, survey1619, survey1819, survey2019, survey2219, survey2419, survey2619, survey2819, survey3019, survey3219, survey3419"
user20,Anna,Chen,user20@gmail.com,user1234,1,1,1,2,1,1,"survey20, survey220, survey420, survey620, survey820, survey1020, survey1220, survey1420, survey1620, survey1820, survey2020, survey2220, survey2420, survey2620, survey2820, survey3020, survey3220, survey3420"
user21,Denise,Chong,user21@gmail.com,user1234,2,1,1,4,1,2,"survey21, survey221, survey421, survey621, survey821, survey1021, survey1221, survey1421, survey1621, survey1821, survey2021, survey2221, survey2421, survey2621, survey2821, survey3021, survey3221, survey3421"
user22,Harry,Tan,user22@gmail.com,user1234,1,1,2,4,1,2,"survey22, survey222, survey422, survey622, survey822, survey1022, survey1222, survey1422, survey1622, survey1822, survey2022, survey2222, survey2422, survey2622, survey2822, survey3022, survey3222, survey3422"
user23,Kevin,Pang,user23@gmail.com,user1234,1,3,4,3,1,3,"survey23, survey223, survey423, survey623, survey823, survey1023, survey1223, survey1423, survey1623, survey1823, survey2023, survey2223, survey2423, survey2623, survey2823, survey3023, survey3223, survey3423"
user24,Donna,Chan,user24@gmail.com,user1234,1,3,1,2,1,1,"survey24, survey224, survey424, survey624, survey824, survey1024, survey1224, survey1424, survey1624, survey1824, survey2024, survey2224, survey2424, survey2624, survey2824, survey3024, survey3224, survey3424"
user25,Christopher,Choong,user25@gmail.com,user1234,1,2,2,1,1,2,"survey25, survey225, survey425, survey625, survey825, survey1025, survey1225, survey1425, survey1625, survey1825, survey2025, survey2225, survey2425, survey2625, survey2825, survey3025, survey3225, survey3425"
user26,Johnny,Tan,user26@gmail.com,user1234,2,3,1,4,1,2,"survey26, survey226, survey426, survey626, survey826, survey1026, survey1226, survey1426, survey1626, survey1826, survey2026, survey2226, survey2426, survey2626, survey2826, survey3026, survey3226, survey3426"
user27,Diane,Tan,user27@gmail.com,user1234,2,3,1,2,1,1,"survey27, survey227, survey427, survey627, survey827, survey1027, survey1227, survey1427, survey1627, survey1827, survey2027, survey2227, survey2427, survey2627, survey2827, survey3027, survey3227, survey3427"
user28,Jennifer,Chen,user28@gmail.com,user1234,1,1,2,2,1,3,"survey28, survey228, survey428, survey628, survey828, survey1028, survey1228, survey1428, survey1628, survey1828, survey2028, survey2228, survey2428, survey2628, survey2828, survey3028, survey3228, survey3428"
user29,Diane,Chang,user29@gmail.com,user1234,1,2,1,3,1,1,"survey29, survey229, survey429, survey629, survey829, survey1029, survey1229, survey1429, survey1629, survey1829, survey2029, survey2229, survey2429, survey2629, survey2829, survey3029, survey3229, survey3429"
user30,Ronald,Chin,user30@gmail.com,user1234,2,1,1,1,1,2,"survey30, survey230, survey430, survey630, survey830, survey1030, survey1230, survey1430, survey1630, survey1830, survey2030, survey2230, survey2430, survey2630, survey2830, survey3030, survey3230, survey3430"
user31,Phyllis,Chen,user31@gmail.com,user1234,2,3,1,2,2,2,"survey31, survey231, survey431, survey631, survey831, survey1031, survey1231, survey1431, survey1631, survey1831, survey2031, survey2231, survey2431, survey2631, survey2831, survey3031, survey3231, survey3431"
user32,Martha,Ching,user32@gmail.com,user1234,1,1,2,2,2,1,"survey32, survey232, survey432, survey632, survey832, survey1032, survey1232, survey1432, survey1632, survey1832, survey2032, survey2232, survey2432, survey2632, survey2832, survey3032, survey3232, survey3432"
user33,Amanda,Pang,user33@gmail.com,user1234,2,2,2,2,1,3,"survey33, survey233, survey433, survey633, survey833, survey1033, survey1233, survey1433, survey1633, survey1833, survey2033, survey2233, survey2433, survey2633, survey2833, survey3033, survey3233, survey3433"
user34,Carolyn,Chin,user34@gmail.com,user1234,2,2,4,2,1,1,"survey34, survey234, survey434, survey634, survey834, survey1034, survey1234, survey1434, survey1634, survey1834, survey2034, survey2234, survey2434, survey2634, survey2834, survey3034, survey3234, survey3434"
user35,Donald,Chan,user35@gmail.com,user1234,1,1,2,1,2,3,"survey35, survey235, survey435, survey635, survey835, survey1035, survey1235, survey1435, survey1635, survey1835, survey2035, survey2235, survey2435, survey2635, survey2835, survey3035, survey3235, survey3435"
user36,Amanda,Tan,user36@gmail.com,user1234,2,2,2,3,1,2,"survey36, survey236, survey436, survey636, survey836, survey1036, survey1236, survey1436, survey1636, survey1836, survey2036, survey2236, survey2436, survey2636, survey2836, survey3036, survey3236, survey3436"
user37,Christopher,Ang,user37@gmail.com,user1234,2,1,1,4,1,1,"survey37, survey237, survey437, survey637, survey837, survey1037, survey1237, survey1437, survey1637, survey1837, survey2037, survey2237, survey2437, survey2637, survey2837, survey3037, survey3237, survey3437"
user38,Diane,Chen,user38@gmail.com,user1234,2,3,2,1,1,3,"survey38, survey238, survey438, survey638, survey838, survey1038, survey1238, survey1438, survey1638, survey1838, survey2038, survey2238, survey2438, survey2638, survey2838, survey3038, survey3238, survey3438"
user39,Annie,Lee,user39@gmail.com,user1234,2,3,4,1,2,3,"survey39, survey239, survey439, survey639, survey839, survey1039, survey1239, survey1439, survey1639, survey1839, survey2039, survey2239, survey2439, survey2639, survey2839, survey3039, survey3239, survey3439"
user40,Tina,Kwek,user40@gmail.com,user1234,1,3,2,1,1,3,"survey40, survey240, survey440, survey640, survey840, survey1040, survey1240, survey1440, survey1640, survey1840, survey2040, survey2240, survey2440, survey2640, survey2840, survey3040, survey3240, survey3440"
user41,Martin,Ang,user41@gmail.com,user1234,2,1,2,3,2,3,"survey41, survey241, survey441, survey641, survey841, survey1041, survey1241, survey1441, survey1641, survey1841, survey2041, survey2241, survey2441, survey2641, survey2841, survey3041, survey3241, survey3441"
user42,Jean,Tan,user42@gmail.com,user1234,2,1,1,2,2,1,"survey42, survey242, survey442, survey642, survey842, survey1042, survey1242, survey1442, survey1642, survey1842, survey2042, survey2242, survey2442, survey2642, survey2842, survey3042, survey3242, survey3442"
user43,Larry,Lee,user43@gmail.com,user1234,1,1,1,4,1,3,"survey43, survey243, survey443, survey643, survey843, survey1043, survey1243, survey1443, survey1643, survey1843, survey2043, survey2243, survey2443, survey2643, survey2843, survey3043, survey3243, survey3443"
user44,Norma,Lee,user44@gmail.com,user1234,1,1,2,3,2,3,"survey44, survey244, survey444, survey644, survey844, survey1044, survey1244, survey1444, survey1644, survey1844, survey2044, survey2244, survey2444, survey2644, survey2844, survey3044, survey3244, survey3444"
user45,Rose,Li,user45@gmail.com,user1234,2,1,2,2,2,1,"survey45, survey245, survey445, survey645, survey845, survey1045, survey1245, survey1445, survey1645, survey1845, survey2045, survey2245, survey2445, survey2645, survey2845, survey3045, survey3245, survey3445"
user46,Steven,Chong,user46@gmail.com,user1234,1,2,1,4,1,3,"survey46, survey246, survey446, survey646, survey846, survey1046, survey1246, survey1446, survey1646, survey1846, survey2046, survey2246, survey2446, survey2646, survey2846, survey3046, survey3246, survey3446"
user47,Jean,Pang,user47@gmail.com,user1234,2,1,2,1,1,2,"survey47, survey247, survey447, survey647, survey847, survey1047, survey1247, survey1447, survey1647, survey1847, survey2047, survey2247, survey2447, survey2647, survey2847, survey3047, survey3247, survey3447"
user48,Ernest,Fong,user48@gmail.com,user1234,1,2,1,1,1,1,"survey48, survey248, survey448, survey648, survey848, survey1048, survey1248, survey1448, survey1648, survey1848, survey2048, survey2248, survey2448, survey2648, survey2848, survey3048, survey3248, survey3448"
user49,Gary,Lin,user49@gmail.com,user1234,1,3,2,1,2,3,"survey49, survey249, survey449, survey649, survey849, survey1049, survey1249, survey1449, survey1649, survey1849, survey2049, survey2249, survey2449, survey2649, survey2849, survey3049, survey3249, survey3449"
user50,Brenda,Ling,user50@gmail.com,user1234,1,3,2,4,1,2,"survey50, survey250, survey450, survey650, survey850, survey1050, survey1250, survey1450, survey1650, survey1850, survey2050, survey2250, survey2450, survey2650, survey2850, survey3050, survey3250, survey3450"
user51,Edward,Taylor,user51@gmail.com,user1234,1,2,1,2,1,3,"survey51, survey251, survey451, survey651, survey851, survey1051, survey1251, survey1451, survey1651, survey1851, survey2051, survey2251, survey2451, survey2651, survey2851, survey3051, survey3251, survey3451"
user52,Richard,Ang,user52@gmail.com,user1234,1,3,2,1,1,1,"survey52, survey252, survey452, survey652, survey852, survey1052, survey1252, survey1452, survey1652, survey1852, survey2052, survey2252, survey2452, survey2652, survey2852, survey3052, survey3252, survey3452"
user53,Jeffrey,Wan,user53@gmail.com,user1234,2,3,2,1,1,1,"survey53, survey253, survey453, survey653, survey853, survey1053, survey1253, survey1453, survey1653, survey1853, survey2053, survey2253, survey2453, survey2653, survey2853, survey3053, survey3253, survey3453"
user54,Donna,Situ,user54@gmail.com,user1234,1,2,1,1,2,2,"survey54, survey254, survey454, survey654, survey854, survey1054, survey1254, survey1454, survey1654, survey1854, survey2054, survey2254, survey2454, survey2654, survey2854, survey3054, survey3254, survey3454"
user55,Billy,Chen,user55@gmail.com,user1234,1,3,2,3,2,2,"survey55, survey255, survey455, survey655, survey855, survey1055, survey1255, survey1455, survey1655, survey1855, survey2055, survey2255, survey2455, survey2655, survey2855, survey3055, survey3255, survey3455"
user56,Johnny,Chong,user56@gmail.com,user1234,1,2,2,4,1,3,"survey56, survey256, survey456, survey656, survey856, survey1056, survey1256, survey1456, survey1656, survey1856, survey2056, survey2256, survey2456, survey2656, survey2856, survey3056, survey3256, survey3456"
user57,Daniel,Tan,user57@gmail.com,user1234,1,2,3,1,2,3,"survey57, survey257, survey457, survey657, survey857, survey1057, survey1257, survey1457, survey1657, survey1857, survey2057, survey2257, survey2457, survey2657, survey2857, survey3057, survey3257, survey3457"
user58,Laura,Pang,user58@gmail.com,user1234,2,1,2,4,1,1,"survey58, survey258, survey458, survey658, survey858, survey1058, survey1258, survey1458, survey1658, survey1858, survey2058, survey2258, survey2458, survey2658, survey2858, survey3058, survey3258, survey3458"
user59,Dorothy,Chan,user59@gmail.com,user1234,1,2,1,3,2,1,"survey59, survey259, survey459, survey659, survey859, survey1059, survey1259, survey1459, survey1659, survey1859, survey2059, survey2259, survey2459, survey2659, survey2859, survey3059, survey3259, survey3459"
user60,Phyllis,Choong,user60@gmail.com,user1234,2,3,2,2,2,2,"survey60, survey260, survey460, survey660, survey860, survey1060, survey1260, survey1460, survey1660, survey1860, survey2060, survey2260, survey2460, survey2660, survey2860, survey3060, survey3260, survey3460"
user61,Nicole,Tan,user61@gmail.com,user1234,2,1,2,4,2,1,"survey61, survey261, survey461, survey661, survey861, survey1061, survey1261, survey1461, survey1661, survey1861, survey2061, survey2261, survey2461, survey2661, survey2861, survey3061, survey3261, survey3461"
user62,Carol,Tan,user62@gmail.com,user1234,2,1,1,2,2,2,"survey62, survey262, survey462, survey662, survey862, survey1062, survey1262, survey1462, survey1662, survey1862, survey2062, survey2262, survey2462, survey2662, survey2862, survey3062, survey3262, survey3462"
user63,Joe,Chen,user63@gmail.com,user1234,1,2,2,3,1,2,"survey63, survey263, survey463, survey663, survey863, survey1063, survey1263, survey1463, survey1663, survey1863, survey2063, survey2263, survey2463, survey2663, survey2863, survey3063, survey3263, survey3463"
user64,Maria,Chang,user64@gmail.com,user1234,1,2,1,2,2,2,"survey64, survey264, survey464, survey664, survey864, survey1064, survey1264, survey1464, survey1664, survey1864, survey2064, survey2264, survey2464, survey2664, survey2864, survey3064, survey3264, survey3464"
user65,Betty,Chin,user65@gmail.com,user1234,1,1,1,3,1,2,"survey65, survey265, survey465, survey665, survey865, survey1065, survey1265, survey1465, survey1665, survey1865, survey2065, survey2265, survey2465, survey2665, survey2865, survey3065, survey3265, survey3465"
user66,Norma,Chen,user66@gmail.com,user1234,2,2,2,1,2,1,"survey66, survey266, survey466, survey666, survey866, survey1066, survey1266, survey1466, survey1666, survey1866, survey2066, survey2266, survey2466, survey2666, survey2866, survey3066, survey3266, survey3466"
user67,Lillian,Ching,user67@gmail.com,user1234,1,2,1,1,2,1,"survey67, survey267, survey467, survey667, survey867, survey1067, survey1267, survey1467, survey1667, survey1867, survey2067, survey2267, survey2467, survey2667, survey2867, survey3067, survey3267, survey3467"
user68,Craig,Pang,user68@gmail.com,user1234,2,2,1,2,1,3,"survey68, survey268, survey468, survey668, survey868, survey1068, survey1268, survey1468, survey1668, survey1868, survey2068, survey2268, survey2468, survey2668, survey2868, survey3068, survey3268, survey3468"
user69,Carol,Chin,user69@gmail.com,user1234,1,1,1,1,2,2,"survey69, survey269, survey469, survey669, survey869, survey1069, survey1269, survey1469, survey1669, survey1869, survey2069, survey2269, survey2469, survey2669, survey2869, survey3069, survey3269, survey3469"
user70,Andrea,Chan,user70@gmail.com,user1234,1,3,2,2,1,2,"survey70, survey270, survey470, survey670, survey870, survey1070, survey1270, survey1470, survey1670, survey1870, survey2070, survey2270, survey2470, survey2670, survey2870, survey3070, survey3270, survey3470"
user71,Earl,Chapman,user71@gmail.com,user1234,2,2,1,2,1,3,"survey71, survey271, survey471, survey671, survey871, survey1071, survey1271, survey1471, survey1671, survey1871, survey2071, survey2271, survey2471, survey2671, survey2871, survey3071, survey3271, survey3471"
user72,Nicole,Tan,user72@gmail.com,user1234,1,3,1,4,1,1,"survey72, survey272, survey472, survey672, survey872, survey1072, survey1272, survey1472, survey1672, survey1872, survey2072, survey2272, survey2472, survey2672, survey2872, survey3072, survey3272, survey3472"
user73,Edward,Ang,user73@gmail.com,user1234,1,2,1,4,2,2,"survey73, survey273, survey473, survey673, survey873, survey1073, survey1273, survey1473, survey1673, survey1873, survey2073, survey2273, survey2473, survey2673, survey2873, survey3073, survey3273, survey3473"
user74,Angela,Chen,user74@gmail.com,user1234,1,2,1,1,1,1,"survey74, survey274, survey474, survey674, survey874, survey1074, survey1274, survey1474, survey1674, survey1874, survey2074, survey2274, survey2474, survey2674, survey2874, survey3074, survey3274, survey3474"
user75,Russell,Lee,user75@gmail.com,user1234,1,1,1,1,2,3,"survey75, survey275, survey475, survey675, survey875, survey1075, survey1275, survey1475, survey1675, survey1875, survey2075, survey2275, survey2475, survey2675, survey2875, survey3075, survey3275, survey3475"
user76,Stephen,Kwek,user76@gmail.com,user1234,2,1,1,3,2,3,"survey76, survey276, survey476, survey676, survey876, survey1076, survey1276, survey1476, survey1676, survey1876, survey2076, survey2276, survey2476, survey2676, survey2876, survey3076, survey3276, survey3476"
user77,Phyllis,Ang,user77@gmail.com,user1234,1,2,1,3,2,1,"survey77, survey277, survey477, survey677, survey877, survey1077, survey1277, survey1477, survey1677, survey1877, survey2077, survey2277, survey2477, survey2677, survey2877, survey3077, survey3277, survey3477"
user78,Carl,Tan,user78@gmail.com,user1234,1,3,1,4,2,2,"survey78, survey278, survey478, survey678, survey878, survey1078, survey1278, survey1478, survey1678, survey1878, survey2078, survey2278, survey2478, survey2678, survey2878, survey3078, survey3278, survey3478"
user79,Jeremy,Lee,user79@gmail.com,user1234,1,2,1,4,1,2,"survey79, survey279, survey479, survey679, survey879, survey1079, survey1279, survey1479, survey1679, survey1879, survey2079, survey2279, survey2479, survey2679, survey2879, survey3079, survey3279, survey3479"
user80,Gary,Lee,user80@gmail.com,user1234,2,3,2,3,2,3,"survey80, survey280, survey480, survey680, survey880, survey1080, survey1280, survey1480, survey1680, survey1880, survey2080, survey2280, survey2480, survey2680, survey2880, survey3080, survey3280, survey3480"
user81,Eugene,Li,user81@gmail.com,user1234,2,1,1,2,1,1,"survey81, survey281, survey481, survey681, survey881, survey1081, survey1281, survey1481, survey1681, survey1881, survey2081, survey2281, survey2481, survey2681, survey2881, survey3081, survey3281, survey3481"
user82,Arthur,Chong,user82@gmail.com,user1234,2,3,1,4,1,2,"survey82, survey282, survey482, survey682, survey882, survey1082, survey1282, survey1482, survey1682, survey1882, survey2082, survey2282, survey2482, survey2682, survey2882, survey3082, survey3282, survey3482"
user83,Paul,Pang,user83@gmail.com,user1234,2,3,1,3,2,1,"survey83, survey283, survey483, survey683, survey883, survey1083, survey1283, survey1483, survey1683, survey1883, survey2083, survey2283, survey2483, survey2683, survey2883, survey3083, survey3283, survey3483"
user84,Jonathan,Fong,user84@gmail.com,user1234,1,3,1,1,2,1,"survey84, survey284, survey484, survey684, survey884, survey1084, survey1284, survey1484, survey1684, survey1884, survey2084, survey2284, survey2484, survey2684, survey2884, survey3084, survey3284, survey3484"
user85,Sharon,Lin,user85@gmail.com,user1234,2,3,2,1,1,1,"survey85, survey285, survey485, survey685, survey885, survey1085, survey1285, survey1485, survey1685, survey1885, survey2085, survey2285, survey2485, survey2685, survey2885, survey3085, survey3285, survey3485"
user86,Jack,Ling,user86@gmail.com,user1234,1,1,1,1,1,2,"survey86, survey286, survey486, survey686, survey886, survey1086, survey1286, survey1486, survey1686, survey1886, survey2086, survey2286, survey2486, survey2686, survey2886, survey3086, survey3286, survey3486"
user87,Denise,Taylor,user87@gmail.com,user1234,1,3,1,3,2,1,"survey87, survey287, survey487, survey687, survey887, survey1087, survey1287, survey1487, survey1687, survey1887, survey2087, survey2287, survey2487, survey2687, survey2887, survey3087, survey3287, survey3487"
user88,Doris,Ang,user88@gmail.com,user1234,2,3,1,2,2,3,"survey88, survey288, survey488, survey688, survey888, survey1088, survey1288, survey1488, survey1688, survey1888, survey2088, survey2288, survey2488, survey2688, survey2888, survey3088, survey3288, survey3488"
user89,Martin,Wan,user89@gmail.com,user1234,2,3,1,1,1,3,"survey89, survey289, survey489, survey689, survey889, survey1089, survey1289, survey1489, survey1689, survey1889, survey2089, survey2289, survey2489, survey2689, survey2889, survey3089, survey3289, survey3489"
user90,Joseph,Situ,user90@gmail.com,user1234,2,3,2,1,2,3,"survey90, survey290, survey490, survey690, survey890, survey1090, survey1290, survey1490, survey1690, survey1890, survey2090, survey2290, survey2490, survey2690, survey2890, survey3090, survey3290, survey3490"
user91,Jimmy,Chen,user91@gmail.com,user1234,1,2,1,1,1,3,"survey91, survey291, survey491, survey691, survey891, survey1091, survey1291, survey1491, survey1691, survey1891, survey2091, survey2291, survey2491, survey2691, survey2891, survey3091, survey3291, survey3491"
user92,Laura,Chong,user92@gmail.com,user1234,2,1,1,4,1,3,"survey92, survey292, survey492, survey692, survey892, survey1092, survey1292, survey1492, survey1692, survey1892, survey2092, survey2292, survey2492, survey2692, survey2892, survey3092, survey3292, survey3492"
user93,Joe,Tan,user93@gmail.com,user1234,2,1,1,4,1,3,"survey93, survey293, survey493, survey693, survey893, survey1093, survey1293, survey1493, survey1693, survey1893, survey2093, survey2293, survey2493, survey2693, survey2893, survey3093, survey3293, survey3493"
user94,Sean,Pang,user94@gmail.com,user1234,2,1,1,1,2,2,"survey94, survey294, survey494, survey694, survey894, survey1094, survey1294, survey1494, survey1694, survey1894, survey2094, survey2294, survey2494, survey2694, survey2894, survey3094, survey3294, survey3494"
user95,Carl,Chan,user95@gmail.com,user1234,2,1,1,1,1,1,"survey95, survey295, survey495, survey695, survey895, survey1095, survey1295, survey1495, survey1695, survey1895, survey2095, survey2295, survey2495, survey2695, survey2895, survey3095, survey3295, survey3495"
user96,Laura,Choong,user96@gmail.com,user1234,1,3,1,1,1,2,"survey96, survey296, survey496, survey696, survey896, survey1096, survey1296, survey1496, survey1696, survey1896, survey2096, survey2296, survey2496, survey2696, survey2896, survey3096, survey3296, survey3496"
user97,Angela,Tan,user97@gmail.com,user1234,2,2,1,3,1,2,"survey97, survey297, survey497, survey697, survey897, survey1097, survey1297, survey1497, survey1697, survey1897, survey2097, survey2297, survey2497, survey2697, survey2897, survey3097, survey3297, survey3497"
user98,Linda,Tan,user98@gmail.com,user1234,1,1,1,2,2,3,"survey98, survey298, survey498, survey698, survey898, survey1098, survey1298, survey1498, survey1698, survey1898, survey2098, survey2298, survey2498, survey2698, survey2898, survey3098, survey3298, survey3498"
user99,Angela,Chen,user99@gmail.com,user1234,2,2,1,2,2,3,"survey99, survey299, survey499, survey699, survey899, survey1099, survey1299, survey1499, survey1699, survey1899, survey2099, survey2299, survey2499, survey2699, survey2899, survey3099, survey3299, survey3499"
user100,Larry,Chang,user100@gmail.com,user1234,2,1,2,1,2,1,"survey100, survey300, survey500, survey700, survey900, survey1100, survey1300, survey1500, survey1700, survey1900, survey2100, survey2300, survey2500, survey2700, survey2900, survey3100, survey3300, survey3500"
user101,Scott,Chin,user101@gmail.com,user1234,2,2,1,2,2,3,"survey101, survey301, survey501, survey701, survey901, survey1101, survey1301, survey1501, survey1701, survey1901, survey2101, survey2301, survey2501, survey2701, survey2901, survey3101, survey3301, survey3501"
user102,Heather,Chen,user102@gmail.com,user1234,1,3,1,3,2,3,"survey102, survey302, survey502, survey702, survey902, survey1102, survey1302, survey1502, survey1702, survey1902, survey2102, survey2302, survey2502, survey2702, survey2902, survey3102, survey3302, survey3502"
user103,Paula,Ching,user103@gmail.com,user1234,1,2,2,3,1,1,"survey103, survey303, survey503, survey703, survey903, survey1103, survey1303, survey1503, survey1703, survey1903, survey2103, survey2303, survey2503, survey2703, survey2903, survey3103, survey3303, survey3503"
user104,William,Pang,user104@gmail.com,user1234,2,2,3,2,2,3,"survey104, survey304, survey504, survey704, survey904, survey1104, survey1304, survey1504, survey1704, survey1904, survey2104, survey2304, survey2504, survey2704, survey2904, survey3104, survey3304, survey3504"
user105,Maria,Chin,user105@gmail.com,user1234,2,1,2,3,2,3,"survey105, survey305, survey505, survey705, survey905, survey1105, survey1305, survey1505, survey1705, survey1905, survey2105, survey2305, survey2505, survey2705, survey2905, survey3105, survey3305, survey3505"
user106,Jeffrey,Chan,user106@gmail.com,user1234,2,1,1,3,1,1,"survey106, survey306, survey506, survey706, survey906, survey1106, survey1306, survey1506, survey1706, survey1906, survey2106, survey2306, survey2506, survey2706, survey2906, survey3106, survey3306, survey3506"
user107,Nancy,Dunn,user107@gmail.com,user1234,1,2,1,2,1,2,"survey107, survey307, survey507, survey707, survey907, survey1107, survey1307, survey1507, survey1707, survey1907, survey2107, survey2307, survey2507, survey2707, survey2907, survey3107, survey3307, survey3507"
user108,Steven,Tan,user108@gmail.com,user1234,2,2,1,4,1,2,"survey108, survey308, survey508, survey708, survey908, survey1108, survey1308, survey1508, survey1708, survey1908, survey2108, survey2308, survey2508, survey2708, survey2908, survey3108, survey3308, survey3508"
user109,Christina,Ang,user109@gmail.com,user1234,2,3,1,2,2,1,"survey109, survey309, survey509, survey709, survey909, survey1109, survey1309, survey1509, survey1709, survey1909, survey2109, survey2309, survey2509, survey2709, survey2909, survey3109, survey3309, survey3509"
user110,Johnny,Chen,user110@gmail.com,user1234,1,2,2,2,1,1,"survey110, survey310, survey510, survey710, survey910, survey1110, survey1310, survey1510, survey1710, survey1910, survey2110, survey2310, survey2510, survey2710, survey2910, survey3110, survey3310, survey3510"
user111,Billy,Lee,user111@gmail.com,user1234,2,2,1,2,1,3,"survey111, survey311, survey511, survey711, survey911, survey1111, survey1311, survey1511, survey1711, survey1911, survey2111, survey2311, survey2511, survey2711, survey2911, survey3111, survey3311, survey3511"
user112,Gary,Kwek,user112@gmail.com,user1234,2,3,1,2,2,1,"survey112, survey312, survey512, survey712, survey912, survey1112, survey1312, survey1512, survey1712, survey1912, survey2112, survey2312, survey2512, survey2712, survey2912, survey3112, survey3312, survey3512"
user113,Andrew,Ang,user113@gmail.com,user1234,2,3,2,1,1,2,"survey113, survey313, survey513, survey713, survey913, survey1113, survey1313, survey1513, survey1713, survey1913, survey2113, survey2313, survey2513, survey2713, survey2913, survey3113, survey3313, survey3513"
user114,Michelle,Tan,user114@gmail.com,user1234,2,2,2,3,1,1,"survey114, survey314, survey514, survey714, survey914, survey1114, survey1314, survey1514, survey1714, survey1914, survey2114, survey2314, survey2514, survey2714, survey2914, survey3114, survey3314, survey3514"
user115,Martha,Lee,user115@gmail.com,user1234,2,2,2,3,1,1,"survey115, survey315, survey515, survey715, survey915, survey1115, survey1315, survey1515, survey1715, survey1915, survey2115, survey2315, survey2515, survey2715, survey2915, survey3115, survey3315, survey3515"
user116,Mary,Lee,user116@gmail.com,user1234,1,1,2,3,2,1,"survey116, survey316, survey516, survey716, survey916, survey1116, survey1316, survey1516, survey1716, survey1916, survey2116, survey2316, survey2516, survey2716, survey2916, survey3116, survey3316, survey3516"
user117,Robin,Li,user117@gmail.com,user1234,2,2,2,1,1,1,"survey117, survey317, survey517, survey717, survey917, survey1117, survey1317, survey1517, survey1717, survey1917, survey2117, survey2317, survey2517, survey2717, survey2917, survey3117, survey3317, survey3517"
user118,Sean,Chong,user118@gmail.com,user1234,1,1,1,1,2,1,"survey118, survey318, survey518, survey718, survey918, survey1118, survey1318, survey1518, survey1718, survey1918, survey2118, survey2318, survey2518, survey2718, survey2918, survey3118, survey3318, survey3518"
user119,Matthew,Pang,user119@gmail.com,user1234,1,1,2,3,1,1,"survey119, survey319, survey519, survey719, survey919, survey1119, survey1319, survey1519, survey1719, survey1919, survey2119, survey2319, survey2519, survey2719, survey2919, survey3119, survey3319, survey3519"
user120,Christina,Fong,user120@gmail.com,user1234,1,1,1,2,1,3,"survey120, survey320, survey520, survey720, survey920, survey1120, survey1320, survey1520, survey1720, survey1920, survey2120, survey2320, survey2520, survey2720, survey2920, survey3120, survey3320, survey3520"
user121,Willie,Lin,user121@gmail.com,user1234,2,2,2,4,1,1,"survey121, survey321, survey521, survey721, survey921, survey1121, survey1321, survey1521, survey1721, survey1921, survey2121, survey2321, survey2521, survey2721, survey2921, survey3121, survey3321, survey3521"
user122,Brenda,Ling,user122@gmail.com,user1234,1,3,2,3,2,3,"survey122, survey322, survey522, survey722, survey922, survey1122, survey1322, survey1522, survey1722, survey1922, survey2122, survey2322, survey2522, survey2722, survey2922, survey3122, survey3322, survey3522"
user123,Mildred,Taylor,user123@gmail.com,user1234,2,2,1,1,2,1,"survey123, survey323, survey523, survey723, survey923, survey1123, survey1323, survey1523, survey1723, survey1923, survey2123, survey2323, survey2523, survey2723, survey2923, survey3123, survey3323, survey3523"
user124,Earl,Ang,user124@gmail.com,user1234,1,2,2,4,1,1,"survey124, survey324, survey524, survey724, survey924, survey1124, survey1324, survey1524, survey1724, survey1924, survey2124, survey2324, survey2524, survey2724, survey2924, survey3124, survey3324, survey3524"
user125,Ronald,Wan,user125@gmail.com,user1234,2,3,2,4,1,2,"survey125, survey325, survey525, survey725, survey925, survey1125, survey1325, survey1525, survey1725, survey1925, survey2125, survey2325, survey2525, survey2725, survey2925, survey3125, survey3325, survey3525"
user126,Lois,Situ,user126@gmail.com,user1234,2,1,1,3,2,3,"survey126, survey326, survey526, survey726, survey926, survey1126, survey1326, survey1526, survey1726, survey1926, survey2126, survey2326, survey2526, survey2726, survey2926, survey3126, survey3326, survey3526"
user127,Karen,Chen,user127@gmail.com,user1234,2,1,1,4,1,2,"survey127, survey327, survey527, survey727, survey927, survey1127, survey1327, survey1527, survey1727, survey1927, survey2127, survey2327, survey2527, survey2727, survey2927, survey3127, survey3327, survey3527"
user128,Carolyn,Chong,user128@gmail.com,user1234,2,2,1,3,2,2,"survey128, survey328, survey528, survey728, survey928, survey1128, survey1328, survey1528, survey1728, survey1928, survey2128, survey2328, survey2528, survey2728, survey2928, survey3128, survey3328, survey3528"
user129,Robin,Tan,user129@gmail.com,user1234,2,2,1,3,1,3,"survey129, survey329, survey529, survey729, survey929, survey1129, survey1329, survey1529, survey1729, survey1929, survey2129, survey2329, survey2529, survey2729, survey2929, survey3129, survey3329, survey3529"
user130,Lillian,Pang,user130@gmail.com,user1234,1,3,2,3,1,1,"survey130, survey330, survey530, survey730, survey930, survey1130, survey1330, survey1530, survey1730, survey1930, survey2130, survey2330, survey2530, survey2730, survey2930, survey3130, survey3330, survey3530"
user131,Christine,Chan,user131@gmail.com,user1234,2,2,1,4,1,3,"survey131, survey331, survey531, survey731, survey931, survey1131, survey1331, survey1531, survey1731, survey1931, survey2131, survey2331, survey2531, survey2731, survey2931, survey3131, survey3331, survey3531"
user132,Teresa,Choong,user132@gmail.com,user1234,2,2,1,1,1,2,"survey132, survey332, survey532, survey732, survey932, survey1132, survey1332, survey1532, survey1732, survey1932, survey2132, survey2332, survey2532, survey2732, survey2932, survey3132, survey3332, survey3532"
user133,Sean,Tan,user133@gmail.com,user1234,2,1,3,1,1,3,"survey133, survey333, survey533, survey733, survey933, survey1133, survey1333, survey1533, survey1733, survey1933, survey2133, survey2333, survey2533, survey2733, survey2933, survey3133, survey3333, survey3533"
user134,Ronald,Tan,user134@gmail.com,user1234,1,3,2,4,2,2,"survey134, survey334, survey534, survey734, survey934, survey1134, survey1334, survey1534, survey1734, survey1934, survey2134, survey2334, survey2534, survey2734, survey2934, survey3134, survey3334, survey3534"
user135,Kathryn,Chen,user135@gmail.com,user1234,1,1,4,2,2,2,"survey135, survey335, survey535, survey735, survey935, survey1135, survey1335, survey1535, survey1735, survey1935, survey2135, survey2335, survey2535, survey2735, survey2935, survey3135, survey3335, survey3535"
user136,Douglas,Chang,user136@gmail.com,user1234,2,2,4,3,1,2,"survey136, survey336, survey536, survey736, survey936, survey1136, survey1336, survey1536, survey1736, survey1936, survey2136, survey2336, survey2536, survey2736, survey2936, survey3136, survey3336, survey3536"
user137,Timothy,Chin,user137@gmail.com,user1234,2,3,3,2,1,3,"survey137, survey337, survey537, survey737, survey937, survey1137, survey1337, survey1537, survey1737, survey1937, survey2137, survey2337, survey2537, survey2737, survey2937, survey3137, survey3337, survey3537"
user138,Phyllis,Chen,user138@gmail.com,user1234,1,2,2,4,2,1,"survey138, survey338, survey538, survey738, survey938, survey1138, survey1338, survey1538, survey1738, survey1938, survey2138, survey2338, survey2538, survey2738, survey2938, survey3138, survey3338, survey3538"
user139,Marie,Ching,user139@gmail.com,user1234,1,2,2,3,2,1,"survey139, survey339, survey539, survey739, survey939, survey1139, survey1339, survey1539, survey1739, survey1939, survey2139, survey2339, survey2539, survey2739, survey2939, survey3139, survey3339, survey3539"
user140,Margaret,Pang,user140@gmail.com,user1234,1,1,4,2,2,3,"survey140, survey340, survey540, survey740, survey940, survey1140, survey1340, survey1540, survey1740, survey1940, survey2140, survey2340, survey2540, survey2740, survey2940, survey3140, survey3340, survey3540"
user141,Ralph,Chin,user141@gmail.com,user1234,2,1,2,4,2,3,"survey141, survey341, survey541, survey741, survey941, survey1141, survey1341, survey1541, survey1741, survey1941, survey2141, survey2341, survey2541, survey2741, survey2941, survey3141, survey3341, survey3541"
user142,Pamela,Chan,user142@gmail.com,user1234,2,1,3,1,2,1,"survey142, survey342, survey542, survey742, survey942, survey1142, survey1342, survey1542, survey1742, survey1942, survey2142, survey2342, survey2542, survey2742, survey2942, survey3142, survey3342, survey3542"
user143,Samuel,Warren,user143@gmail.com,user1234,2,2,1,2,1,1,"survey143, survey343, survey543, survey743, survey943, survey1143, survey1343, survey1543, survey1743, survey1943, survey2143, survey2343, survey2543, survey2743, survey2943, survey3143, survey3343, survey3543"
user144,Chris,Choong,user144@gmail.com,user1234,2,1,4,1,2,3,"survey144, survey344, survey544, survey744, survey944, survey1144, survey1344, survey1544, survey1744, survey1944, survey2144, survey2344, survey2544, survey2744, survey2944, survey3144, survey3344, survey3544"
user145,Melissa,Min,user145@gmail.com,user1234,1,3,4,4,1,2,"survey145, survey345, survey545, survey745, survey945, survey1145, survey1345, survey1545, survey1745, survey1945, survey2145, survey2345, survey2545, survey2745, survey2945, survey3145, survey3345, survey3545"
user146,Kevin,Yoo,user146@gmail.com,user1234,2,1,1,2,1,1,"survey146, survey346, survey546, survey746, survey946, survey1146, survey1346, survey1546, survey1746, survey1946, survey2146, survey2346, survey2546, survey2746, survey2946, survey3146, survey3346, survey3546"
user147,Beverly,Chong,user147@gmail.com,user1234,2,1,3,1,1,2,"survey147, survey347, survey547, survey747, survey947, survey1147, survey1347, survey1547, survey1747, survey1947, survey2147, survey2347, survey2547, survey2747, survey2947, survey3147, survey3347, survey3547"
user148,Louis,Tan,user148@gmail.com,user1234,2,2,2,4,2,2,"survey148, survey348, survey548, survey748, survey948, survey1148, survey1348, survey1548, survey1748, survey1948, survey2148, survey2348, survey2548, survey2748, survey2948, survey3148, survey3348, survey3548"
user149,Andrew,Li,user149@gmail.com,user1234,1,2,4,2,2,1,"survey149, survey349, survey549, survey749, survey949, survey1149, survey1349, survey1549, survey1749, survey1949, survey2149, survey2349, survey2549, survey2749, survey2949, survey3149, survey3349, survey3549"
user150,Clarence,Kwek,user150@gmail.com,user1234,1,2,3,3,1,1,"survey150, survey350, survey550, survey750, survey950, survey1150, survey1350, survey1550, survey1750, survey1950, survey2150, survey2350, survey2550, survey2750, survey2950, survey3150, survey3350, survey3550"
user151,Robin,Quek,user151@gmail.com,user1234,1,2,1,1,1,1,"survey151, survey351, survey551, survey751, survey951, survey1151, survey1351, survey1551, survey1751, survey1951, survey2151, survey2351, survey2551, survey2751, survey2951, survey3151, survey3351, survey3551"
user152,Laura,Pon,user152@gmail.com,user1234,1,3,4,1,2,3,"survey152, survey352, survey552, survey752, survey952, survey1152, survey1352, survey1552, survey1752, survey1952, survey2152, survey2352, survey2552, survey2752, survey2952, survey3152, survey3352, survey3552"
user153,Rose,Nurlia,user153@gmail.com,user1234,1,1,2,3,2,1,"survey153, survey353, survey553, survey753, survey953, survey1153, survey1353, survey1553, survey1753, survey1953, survey2153, survey2353, survey2553, survey2753, survey2953, survey3153, survey3353, survey3553"
user154,Sara,Siti,user154@gmail.com,user1234,1,3,4,3,1,2,"survey154, survey354, survey554, survey754, survey954, survey1154, survey1354, survey1554, survey1754, survey1954, survey2154, survey2354, survey2554, survey2754, survey2954, survey3154, survey3354, survey3554"
user155,Fandi,Ahmad,user155@gmail.com,user1234,2,3,3,1,2,1,"survey155, survey355, survey555, survey755, survey955, survey1155, survey1355, survey1555, survey1755, survey1955, survey2155, survey2355, survey2555, survey2755, survey2955, survey3155, survey3355, survey3555"
user156,TongHai,Lim,user156@gmail.com,user1234,2,1,2,3,1,1,"survey156, survey356, survey556, survey756, survey956, survey1156, survey1356, survey1556, survey1756, survey1956, survey2156, survey2356, survey2556, survey2756, survey2956, survey3156, survey3356, survey3556"
user157,Terry,Chen,user157@gmail.com,user1234,1,2,4,4,2,2,"survey157, survey357, survey557, survey757, survey957, survey1157, survey1357, survey1557, survey1757, survey1957, survey2157, survey2357, survey2557, survey2757, survey2957, survey3157, survey3357, survey3557"
user158,Todd,Lim,user158@gmail.com,user1234,1,2,4,4,1,3,"survey158, survey358, survey558, survey758, survey958, survey1158, survey1358, survey1558, survey1758, survey1958, survey2158, survey2358, survey2558, survey2758, survey2958, survey3158, survey3358, survey3558"
user159,Carolyn,Ong,user159@gmail.com,user1234,1,2,4,3,2,3,"survey159, survey359, survey559, survey759, survey959, survey1159, survey1359, survey1559, survey1759, survey1959, survey2159, survey2359, survey2559, survey2759, survey2959, survey3159, survey3359, survey3559"
user160,Albert,Ong,user160@gmail.com,user1234,1,1,4,4,2,1,"survey160, survey360, survey560, survey760, survey960, survey1160, survey1360, survey1560, survey1760, survey1960, survey2160, survey2360, survey2560, survey2760, survey2960, survey3160, survey3360, survey3560"
user161,Paul,Li,user161@gmail.com,user1234,2,1,2,3,1,3,"survey161, survey361, survey561, survey761, survey961, survey1161, survey1361, survey1561, survey1761, survey1961, survey2161, survey2361, survey2561, survey2761, survey2961, survey3161, survey3361, survey3561"
user162,Lillian,Pang,user162@gmail.com,user1234,2,3,2,4,2,1,"survey162, survey362, survey562, survey762, survey962, survey1162, survey1362, survey1562, survey1762, survey1962, survey2162, survey2362, survey2562, survey2762, survey2962, survey3162, survey3362, survey3562"
user163,Andrew,Singh,user163@gmail.com,user1234,1,2,3,3,2,1,"survey163, survey363, survey563, survey763, survey963, survey1163, survey1363, survey1563, survey1763, survey1963, survey2163, survey2363, survey2563, survey2763, survey2963, survey3163, survey3363, survey3563"
user164,Joshua,Gonzalez,user164@gmail.com,user1234,1,3,4,2,2,2,"survey164, survey364, survey564, survey764, survey964, survey1164, survey1364, survey1564, survey1764, survey1964, survey2164, survey2364, survey2564, survey2764, survey2964, survey3164, survey3364, survey3564"
user165,Anu,Krisanti,user165@gmail.com,user1234,2,1,2,1,1,1,"survey165, survey365, survey565, survey765, survey965, survey1165, survey1365, survey1565, survey1765, survey1965, survey2165, survey2365, survey2565, survey2765, survey2965, survey3165, survey3365, survey3565"
user166,Russell,Chen,user166@gmail.com,user1234,2,1,2,3,1,3,"survey166, survey366, survey566, survey766, survey966, survey1166, survey1366, survey1566, survey1766, survey1966, survey2166, survey2366, survey2566, survey2766, survey2966, survey3166, survey3366, survey3566"
user167,Bruce,Tan,user167@gmail.com,user1234,1,1,1,3,1,1,"survey167, survey367, survey567, survey767, survey967, survey1167, survey1367, survey1567, survey1767, survey1967, survey2167, survey2367, survey2567, survey2767, survey2967, survey3167, survey3367, survey3567"
user168,Irene,Ang,user168@gmail.com,user1234,1,2,4,1,1,3,"survey168, survey368, survey568, survey768, survey968, survey1168, survey1368, survey1568, survey1768, survey1968, survey2168, survey2368, survey2568, survey2768, survey2968, survey3168, survey3368, survey3568"
user169,Heather,Kelly,user169@gmail.com,user1234,1,2,3,2,1,1,"survey169, survey369, survey569, survey769, survey969, survey1169, survey1369, survey1569, survey1769, survey1969, survey2169, survey2369, survey2569, survey2769, survey2969, survey3169, survey3369, survey3569"
user170,Richard,Jenkins,user170@gmail.com,user1234,1,3,4,1,1,3,"survey170, survey370, survey570, survey770, survey970, survey1170, survey1370, survey1570, survey1770, survey1970, survey2170, survey2370, survey2570, survey2770, survey2970, survey3170, survey3370, survey3570"
user171,Jason,Rose,user171@gmail.com,user1234,1,3,4,4,2,1,"survey171, survey371, survey571, survey771, survey971, survey1171, survey1371, survey1571, survey1771, survey1971, survey2171, survey2371, survey2571, survey2771, survey2971, survey3171, survey3371, survey3571"
user172,Jennifer,Reyes,user172@gmail.com,user1234,2,2,3,3,2,2,"survey172, survey372, survey572, survey772, survey972, survey1172, survey1372, survey1572, survey1772, survey1972, survey2172, survey2372, survey2572, survey2772, survey2972, survey3172, survey3372, survey3572"
user173,Terry,Hanson,user173@gmail.com,user1234,1,1,4,4,2,2,"survey173, survey373, survey573, survey773, survey973, survey1173, survey1373, survey1573, survey1773, survey1973, survey2173, survey2373, survey2573, survey2773, survey2973, survey3173, survey3373, survey3573"
user174,Carolyn,Watson,user174@gmail.com,user1234,1,3,1,3,2,3,"survey174, survey374, survey574, survey774, survey974, survey1174, survey1374, survey1574, survey1774, survey1974, survey2174, survey2374, survey2574, survey2774, survey2974, survey3174, survey3374, survey3574"
user175,Amanda,Ortiz,user175@gmail.com,user1234,1,1,1,2,1,3,"survey175, survey375, survey575, survey775, survey975, survey1175, survey1375, survey1575, survey1775, survey1975, survey2175, survey2375, survey2575, survey2775, survey2975, survey3175, survey3375, survey3575"
user176,Rachel,Reyes,user176@gmail.com,user1234,1,1,1,3,1,2,"survey176, survey376, survey576, survey776, survey976, survey1176, survey1376, survey1576, survey1776, survey1976, survey2176, survey2376, survey2576, survey2776, survey2976, survey3176, survey3376, survey3576"
user177,Bonnie,Long,user177@gmail.com,user1234,2,2,4,4,2,1,"survey177, survey377, survey577, survey777, survey977, survey1177, survey1377, survey1577, survey1777, survey1977, survey2177, survey2377, survey2577, survey2777, survey2977, survey3177, survey3377, survey3577"
user178,Susan,Day,user178@gmail.com,user1234,1,1,4,2,2,1,"survey178, survey378, survey578, survey778, survey978, survey1178, survey1378, survey1578, survey1778, survey1978, survey2178, survey2378, survey2578, survey2778, survey2978, survey3178, survey3378, survey3578"
user179,Tina,Matthews,user179@gmail.com,user1234,1,3,4,4,2,1,"survey179, survey379, survey579, survey779, survey979, survey1179, survey1379, survey1579, survey1779, survey1979, survey2179, survey2379, survey2579, survey2779, survey2979, survey3179, survey3379, survey3579"
user180,Juan,Wagner,user180@gmail.com,user1234,1,1,4,4,1,1,"survey180, survey380, survey580, survey780, survey980, survey1180, survey1380, survey1580, survey1780, survey1980, survey2180, survey2380, survey2580, survey2780, survey2980, survey3180, survey3380, survey3580"
user181,Sarah,Washington,user181@gmail.com,user1234,1,1,2,3,1,3,"survey181, survey381, survey581, survey781, survey981, survey1181, survey1381, survey1581, survey1781, survey1981, survey2181, survey2381, survey2581, survey2781, survey2981, survey3181, survey3381, survey3581"
user182,Catherine,Berry,user182@gmail.com,user1234,2,3,4,1,2,3,"survey182, survey382, survey582, survey782, survey982, survey1182, survey1382, survey1582, survey1782, survey1982, survey2182, survey2382, survey2582, survey2782, survey2982, survey3182, survey3382, survey3582"
user183,Shawn,Olson,user183@gmail.com,user1234,1,1,2,1,1,3,"survey183, survey383, survey583, survey783, survey983, survey1183, survey1383, survey1583, survey1783, survey1983, survey2183, survey2383, survey2583, survey2783, survey2983, survey3183, survey3383, survey3583"
user184,Eugene,Cooper,user184@gmail.com,user1234,1,3,1,3,1,3,"survey184, survey384, survey584, survey784, survey984, survey1184, survey1384, survey1584, survey1784, survey1984, survey2184, survey2384, survey2584, survey2784, survey2984, survey3184, survey3384, survey3584"
user185,Daniel,Green,user185@gmail.com,user1234,1,2,4,3,2,1,"survey185, survey385, survey585, survey785, survey985, survey1185, survey1385, survey1585, survey1785, survey1985, survey2185, survey2385, survey2585, survey2785, survey2985, survey3185, survey3385, survey3585"
user186,Diane,Hayes,user186@gmail.com,user1234,2,2,3,3,1,1,"survey186, survey386, survey586, survey786, survey986, survey1186, survey1386, survey1586, survey1786, survey1986, survey2186, survey2386, survey2586, survey2786, survey2986, survey3186, survey3386, survey3586"
user187,Stephen,Weaver,user187@gmail.com,user1234,2,3,1,1,1,1,"survey187, survey387, survey587, survey787, survey987, survey1187, survey1387, survey1587, survey1787, survey1987, survey2187, survey2387, survey2587, survey2787, survey2987, survey3187, survey3387, survey3587"
user188,Katherine,Lane,user188@gmail.com,user1234,1,2,1,4,1,2,"survey188, survey388, survey588, survey788, survey988, survey1188, survey1388, survey1588, survey1788, survey1988, survey2188, survey2388, survey2588, survey2788, survey2988, survey3188, survey3388, survey3588"
user189,Phillip,Ortiz,user189@gmail.com,user1234,1,3,3,3,2,1,"survey189, survey389, survey589, survey789, survey989, survey1189, survey1389, survey1589, survey1789, survey1989, survey2189, survey2389, survey2589, survey2789, survey2989, survey3189, survey3389, survey3589"
user190,Andrea,Ryan,user190@gmail.com,user1234,1,3,4,1,2,2,"survey190, survey390, survey590, survey790, survey990, survey1190, survey1390, survey1590, survey1790, survey1990, survey2190, survey2390, survey2590, survey2790, survey2990, survey3190, survey3390, survey3590"
user191,Douglas,Brooks,user191@gmail.com,user1234,2,3,1,1,2,1,"survey191, survey391, survey591, survey791, survey991, survey1191, survey1391, survey1591, survey1791, survey1991, survey2191, survey2391, survey2591, survey2791, survey2991, survey3191, survey3391, survey3591"
user192,Daniel,Dixon,user192@gmail.com,user1234,1,1,4,4,1,1,"survey192, survey392, survey592, survey792, survey992, survey1192, survey1392, survey1592, survey1792, survey1992, survey2192, survey2392, survey2592, survey2792, survey2992, survey3192, survey3392, survey3592"
user193,Wayne,Greene,user193@gmail.com,user1234,2,2,2,1,2,3,"survey193, survey393, survey593, survey793, survey993, survey1193, survey1393, survey1593, survey1793, survey1993, survey2193, survey2393, survey2593, survey2793, survey2993, survey3193, survey3393, survey3593"
user194,George,Stevens,user194@gmail.com,user1234,1,3,3,3,2,3,"survey194, survey394, survey594, survey794, survey994, survey1194, survey1394, survey1594, survey1794, survey1994, survey2194, survey2394, survey2594, survey2794, survey2994, survey3194, survey3394, survey3594"
user195,Annie,Miller,user195@gmail.com,user1234,1,3,3,3,1,1,"survey195, survey395, survey595, survey795, survey995, survey1195, survey1395, survey1595, survey1795, survey1995, survey2195, survey2395, survey2595, survey2795, survey2995, survey3195, survey3395, survey3595"
user196,Gregory,Wagner,user196@gmail.com,user1234,1,2,3,1,1,1,"survey196, survey396, survey596, survey796, survey996, survey1196, survey1396, survey1596, survey1796, survey1996, survey2196, survey2396, survey2596, survey2796, survey2996, survey3196, survey3396, survey3596"
user197,Bonnie,Garrett,user197@gmail.com,user1234,1,2,3,2,2,2,"survey197, survey397, survey597, survey797, survey997, survey1197, survey1397, survey1597, survey1797, survey1997, survey2197, survey2397, survey2597, survey2797, survey2997, survey3197, survey3397, survey3597"
user198,Rose,Sullivan,user198@gmail.com,user1234,2,2,4,4,2,3,"survey198, survey398, survey598, survey798, survey998, survey1198, survey1398, survey1598, survey1798, survey1998, survey2198, survey2398, survey2598, survey2798, survey2998, survey3198, survey3398, survey3598"
user199,Henry,Turner,user199@gmail.com,user1234,1,2,2,1,1,1,"survey199, survey399, survey599, survey799, survey999, survey1199, survey1399, survey1599, survey1799, survey1999, survey2199, survey2399, survey2599, survey2799, survey2999, survey3199, survey3399, survey3599"
user200,Wanda,Woods,user200@gmail.com,user1234,2,2,1,1,2,1,"survey200, survey400, survey600, survey800, survey1000, survey1200, survey1400, survey1600, survey1800, survey2000, survey2200, survey2400, survey2600, survey2800, survey3000, survey3200, survey3400, survey3600"